9.024025187619856281e-01,-4.564316306440073800e-01,1.000000000000000000e+00
-1.457001980681985748e-02,4.083716919681231738e-01,1.000000000000000000e+00
9.660393400832530952e-01,4.095331291490803549e-01,0.000000000000000000e+00
6.598191924531451313e-01,8.246881727536037321e-01,0.000000000000000000e+00
5.627676187230128413e-01,7.793215087802293217e-01,0.000000000000000000e+00
1.890116438956520817e+00,-7.836210021168608930e-02,1.000000000000000000e+00
6.574140986538449249e-01,7.213376790104411018e-01,0.000000000000000000e+00
2.902386652325616434e-01,-2.540569892386090323e-01,1.000000000000000000e+00
-1.782550485067387058e-02,2.276852218719110366e-01,1.000000000000000000e+00
1.102897599442218324e+00,-5.424228476119801190e-01,1.000000000000000000e+00
1.810083516730176534e-01,9.521075599116082255e-01,0.000000000000000000e+00
1.250055301040662592e-01,1.026242339853054020e+00,0.000000000000000000e+00
5.267784033130454846e-01,7.945836616772844474e-01,0.000000000000000000e+00
1.236937962711894379e+00,-6.222189248265409534e-01,1.000000000000000000e+00
1.932271611691211533e+00,1.947742736175653855e-01,1.000000000000000000e+00
-7.007882891755026211e-01,6.613983134063516900e-01,0.000000000000000000e+00
-2.752573970946449733e-01,9.012352628941696642e-01,0.000000000000000000e+00
6.466730978080571790e-02,1.090827064063642771e-01,1.000000000000000000e+00
9.258274234456592700e-01,-4.792199778756299766e-01,1.000000000000000000e+00
2.486302922043039654e-01,1.108329068420647878e-01,1.000000000000000000e+00
-9.617939585808414904e-01,3.303374062443620862e-01,0.000000000000000000e+00
-7.931219591268904301e-01,5.159602911734725295e-01,0.000000000000000000e+00
1.063732068626002114e+00,-5.715521942911702125e-01,1.000000000000000000e+00
1.227682598919274115e+00,-4.514958660294392523e-01,1.000000000000000000e+00
1.652133141255062387e+00,-1.519345189283096698e-01,1.000000000000000000e+00
1.230084133967021820e-01,6.496148203238009955e-02,1.000000000000000000e+00
6.768551492156767990e-01,7.231146430978031558e-01,0.000000000000000000e+00
-3.928199614538226414e-01,9.701903424791531450e-01,0.000000000000000000e+00
1.683594404882307494e+00,-1.276022353037567225e-01,1.000000000000000000e+00
-7.605892389786018670e-01,6.794834210063569468e-01,0.000000000000000000e+00
8.423733076565476097e-01,4.623007567255938421e-01,0.000000000000000000e+00
1.340383574838115988e-01,3.138546916834542566e-01,1.000000000000000000e+00
2.548521295867369613e-02,4.369382324455985955e-01,1.000000000000000000e+00
1.107422138031088243e+00,-4.759990247021430032e-01,1.000000000000000000e+00
2.311453389447476747e-01,-2.597469114067534890e-01,1.000000000000000000e+00
6.626282250124091444e-01,-4.635715375800857352e-01,1.000000000000000000e+00
1.791439362824165382e+00,-9.972903903349003563e-02,1.000000000000000000e+00
1.440225963630457351e-01,-4.455708390736998203e-02,1.000000000000000000e+00
6.827362716820277733e-01,-4.624664475926826834e-01,1.000000000000000000e+00
-1.015528640535718674e+00,1.233533786653698561e-01,0.000000000000000000e+00
-7.651330279977801574e-01,5.099431351739811547e-01,0.000000000000000000e+00
7.898514648118803994e-01,4.295598556581938787e-01,0.000000000000000000e+00
7.626148785997620694e-01,6.539678291133302901e-01,0.000000000000000000e+00
-7.882840619279504746e-02,1.009095458057323924e+00,0.000000000000000000e+00
1.176629563715829940e+00,-4.430855602604540922e-01,1.000000000000000000e+00
-1.717094477049381507e-01,8.872770596067260929e-01,0.000000000000000000e+00
1.132912119250320648e+00,-4.053455491304182590e-01,1.000000000000000000e+00
9.216251222607322324e-01,-5.642659922339879897e-01,1.000000000000000000e+00
8.772549862334609871e-01,6.014089404458952126e-01,0.000000000000000000e+00
-9.642878559986571840e-01,3.669882763167293116e-01,0.000000000000000000e+00
1.312994968102410898e+00,-3.173465640250308084e-01,1.000000000000000000e+00
1.503166913624637724e+00,-4.520590652599025261e-01,1.000000000000000000e+00
-6.680478645264724680e-01,7.143042472516745178e-01,0.000000000000000000e+00
-7.818752792146267394e-01,6.085664998015181126e-01,0.000000000000000000e+00
9.321120201227127700e-01,1.449661167463614508e-01,0.000000000000000000e+00
9.641779291385010886e-01,2.057388785693624877e-01,0.000000000000000000e+00
-8.110808063025001236e-01,5.973648099996156091e-01,0.000000000000000000e+00
1.856887251584146803e+00,-2.201758845020782007e-02,1.000000000000000000e+00
-7.710122679767965614e-01,6.347783610239221552e-01,0.000000000000000000e+00
-8.918734430396867419e-01,4.502294152800238036e-01,0.000000000000000000e+00
1.772839689350088621e+00,-2.093977710238123235e-01,1.000000000000000000e+00
1.020673798280703704e+00,2.315704884377156880e-01,0.000000000000000000e+00
9.006938126699959302e-01,-4.540698742134438026e-01,1.000000000000000000e+00
1.511342146637565165e+00,-3.690124553784020489e-01,1.000000000000000000e+00
-4.742621518354808163e-01,9.550010162485790266e-01,0.000000000000000000e+00
6.862189173404303899e-01,6.599133253180573533e-01,0.000000000000000000e+00
1.857192597905108711e+00,-1.140317818922895743e-01,1.000000000000000000e+00
1.534792666504000813e+00,-3.643043637300622528e-01,1.000000000000000000e+00
-9.341005481673828603e-01,6.399305918500892698e-01,0.000000000000000000e+00
7.643708110784163123e-01,5.256996553510496772e-01,0.000000000000000000e+00
2.523049367821778577e-01,1.000757324517314473e+00,0.000000000000000000e+00
2.075478960782130566e-01,-7.814436104807492844e-02,1.000000000000000000e+00
2.901206602095010578e-01,-2.414132426097732598e-01,1.000000000000000000e+00
1.833099739613071488e+00,1.152074264809463677e-01,1.000000000000000000e+00
-4.608140727071311504e-01,8.810300276062488223e-01,0.000000000000000000e+00
3.569857653910211703e-01,-3.486183639991346506e-01,1.000000000000000000e+00
1.937568746762889482e+00,2.907681909862581127e-01,1.000000000000000000e+00
2.812083982981319341e-01,9.340429753600921758e-01,0.000000000000000000e+00
1.040633555004159438e+00,-4.776273943747477158e-01,1.000000000000000000e+00
7.385098602258152178e-01,6.649689059060601704e-01,0.000000000000000000e+00
-2.735821234396501600e-02,3.972225520788174036e-01,1.000000000000000000e+00
1.899266648164577687e+00,1.031778246388292825e-01,1.000000000000000000e+00
8.449683929872863208e-01,3.915679715346564449e-01,0.000000000000000000e+00
-1.262222802868777638e-01,9.545238751637556973e-01,0.000000000000000000e+00
1.003040489402804658e+00,2.389570526243093018e-01,0.000000000000000000e+00
-7.322435600940944145e-01,5.600481323505179798e-01,0.000000000000000000e+00
9.618089714993391937e-01,-5.596877692600386034e-01,1.000000000000000000e+00
5.250325681134140332e-01,-3.051557213732666862e-01,1.000000000000000000e+00
1.260486557078883685e+00,-4.550544708555984141e-01,1.000000000000000000e+00
8.888885080001437400e-01,-5.631841736826189715e-01,1.000000000000000000e+00
1.007727564982624058e+00,-1.522298398366309091e-02,0.000000000000000000e+00
1.355887404871674473e+00,-3.989656259434142260e-01,1.000000000000000000e+00
5.147984744778695276e-01,8.785040389961200624e-01,0.000000000000000000e+00
1.857328529866466127e+00,-1.004254875187170076e-01,1.000000000000000000e+00
3.377506282969202633e-01,1.022226124371483413e+00,0.000000000000000000e+00
6.871802222984629838e-01,6.934574908177543184e-01,0.000000000000000000e+00
7.849734092561627685e-01,-5.206581564063861300e-01,1.000000000000000000e+00
1.499317158695701591e-01,6.032039063869343298e-02,1.000000000000000000e+00
1.037338305560685070e+00,2.059797201138439393e-01,0.000000000000000000e+00
1.904193743352482260e+00,3.537025821189626051e-01,1.000000000000000000e+00
7.350097102401946803e-01,6.051038308613232442e-01,0.000000000000000000e+00
-7.451141512760664498e-02,9.710915370126548263e-01,0.000000000000000000e+00
1.640908631507682347e-01,3.732782070435956140e-03,1.000000000000000000e+00
6.175598508971327227e-01,8.394831587797501049e-01,0.000000000000000000e+00
1.104474362959002587e+00,-4.484588774830385316e-01,1.000000000000000000e+00
2.059622500847083426e+00,3.372582085030309540e-01,1.000000000000000000e+00
8.882178899949383366e-01,4.138743040699524034e-01,0.000000000000000000e+00
7.965343234809866280e-01,6.179003826739440930e-01,0.000000000000000000e+00
2.643048284775112999e-01,-6.011235817445589186e-02,1.000000000000000000e+00
6.475389292234020600e-01,-3.938391925823772066e-01,1.000000000000000000e+00
-1.022889856384879614e+00,1.819535335753328653e-01,0.000000000000000000e+00
2.594830029815151096e-01,8.739732221019551606e-01,0.000000000000000000e+00
2.036133385090016512e-02,9.975357985970736419e-01,0.000000000000000000e+00
3.415776557929603441e-01,-1.881085577468246950e-01,1.000000000000000000e+00
9.676085858053886657e-01,3.491168578675732936e-01,0.000000000000000000e+00
1.648231118771950054e-01,-1.381841113994983217e-02,1.000000000000000000e+00
1.404822885450108139e+00,-3.998554771719335932e-01,1.000000000000000000e+00
1.912541576094260343e+00,4.048112745213811037e-02,1.000000000000000000e+00
8.872603957088723847e-01,4.798912313372676319e-01,0.000000000000000000e+00
7.658701360398942337e-02,1.616401151440932660e-01,1.000000000000000000e+00
-6.205357611792678973e-01,9.072513484402031647e-01,0.000000000000000000e+00
-9.026357510670182105e-01,4.550250668675452914e-01,0.000000000000000000e+00
-1.664513778479237427e-02,2.071168884072876470e-01,1.000000000000000000e+00
7.419378682494051080e-01,-3.780854219444361175e-01,1.000000000000000000e+00
-2.991587659857982209e-02,9.598342314190072555e-01,0.000000000000000000e+00
-1.706383812733138217e-01,9.093095811234560566e-01,0.000000000000000000e+00
1.927711406993683818e+00,1.272317498284732118e-01,1.000000000000000000e+00
-2.559331483745124758e-01,1.027096702061188971e+00,0.000000000000000000e+00
-7.402487603938616711e-01,6.766378009860251064e-01,0.000000000000000000e+00
-6.608718571639227157e-01,7.302016423405576218e-01,0.000000000000000000e+00
-1.313357084088094262e-01,9.551915484071318296e-01,0.000000000000000000e+00
2.005773750206240713e+00,3.169569068054318151e-01,1.000000000000000000e+00
1.721478114035116747e+00,-2.249146399644776362e-01,1.000000000000000000e+00
1.055959679510652727e+00,-5.177561814944289242e-01,1.000000000000000000e+00
4.287912809989505997e-02,4.309673778797040722e-01,1.000000000000000000e+00
1.807222492580240703e+00,6.514892499479797705e-02,1.000000000000000000e+00
-6.134343922556185352e-02,9.813602226812109253e-01,0.000000000000000000e+00
1.943686674085673749e+00,7.926036606412759089e-02,1.000000000000000000e+00
-2.328543765724624265e-02,5.535972947517410203e-01,1.000000000000000000e+00
1.759636090137779996e-01,-1.919921579720395011e-01,1.000000000000000000e+00
5.406033906739743378e-01,-3.448943889655916029e-01,1.000000000000000000e+00
6.027413795404750196e-01,8.138136766788542920e-01,0.000000000000000000e+00
-4.779102132383972190e-01,8.994824712764635244e-01,0.000000000000000000e+00
1.637461551799166415e+00,-3.235848286387212336e-01,1.000000000000000000e+00
1.893167468576754331e+00,-1.241896771933384547e-01,1.000000000000000000e+00
1.600612260469576331e-01,1.538275179302655074e-02,1.000000000000000000e+00
1.955079499285364619e+00,2.921387828546202492e-01,1.000000000000000000e+00
7.474314596300738467e-01,6.074669687756063530e-01,0.000000000000000000e+00
1.693044185043503180e+00,-1.333219750858075092e-01,1.000000000000000000e+00
3.167052493508219491e-01,9.052936953792480868e-01,0.000000000000000000e+00
2.023718284376743171e+00,4.567604261256471010e-01,1.000000000000000000e+00
-4.541792215715903525e-02,2.280435845500927150e-01,1.000000000000000000e+00
-1.009111617037381059e+00,9.092084849297028815e-03,0.000000000000000000e+00
4.932000653188935990e-01,8.519256389278559993e-01,0.000000000000000000e+00
-4.211771007883356732e-03,9.484978423134864389e-01,0.000000000000000000e+00
1.820358285139216159e+00,-7.579251514440922544e-02,1.000000000000000000e+00
1.476367943375894720e-01,-1.084564886121352489e-01,1.000000000000000000e+00
-9.435303660670237846e-01,7.873458260306002987e-02,0.000000000000000000e+00
-5.775724264772599259e-01,9.111444300030169252e-01,0.000000000000000000e+00
1.070503583943365478e-01,9.996283217915034047e-01,0.000000000000000000e+00
8.307456089333739024e-01,-3.753378332092293101e-01,1.000000000000000000e+00
1.365183245694344460e+00,-5.014501878853703243e-01,1.000000000000000000e+00
1.212832033037151813e+00,-5.330393162842266275e-01,1.000000000000000000e+00
5.172815542300061020e-01,-3.136708458533637445e-01,1.000000000000000000e+00
9.779931438960912105e-02,2.548605794820185677e-01,1.000000000000000000e+00
3.597758910221311446e-01,8.978800914366174002e-01,0.000000000000000000e+00
-5.275954905183330990e-01,8.295255189479069369e-01,0.000000000000000000e+00
2.321091116909800578e-01,-1.809691785297186661e-01,1.000000000000000000e+00
3.903375806296441874e-01,-3.341223864575663671e-01,1.000000000000000000e+00
-1.044822860005288900e+00,2.662545012397716793e-01,0.000000000000000000e+00
-5.184262289335670459e-01,8.144585633892411636e-01,0.000000000000000000e+00
4.980559002476278030e-01,-3.783286979166841091e-01,1.000000000000000000e+00
6.109878157185858472e-01,-3.798938238883989849e-01,1.000000000000000000e+00
-1.524434450480882663e-01,9.322428796801252027e-01,0.000000000000000000e+00
7.488376556993745492e-01,7.880524916157993776e-01,0.000000000000000000e+00
4.122071958458688457e-01,9.739243752720737612e-01,0.000000000000000000e+00
-4.855692401438082562e-01,9.524587311355443564e-01,0.000000000000000000e+00
1.085167026497983467e-01,8.819860249803748720e-02,1.000000000000000000e+00
1.734706418857816068e+00,-3.353582077475999457e-01,1.000000000000000000e+00
9.244962262803739783e-01,2.886849052584662401e-01,0.000000000000000000e+00
1.644993394692004229e-01,-1.347695761574978501e-01,1.000000000000000000e+00
3.556661043734423155e-01,9.620954334000438868e-01,0.000000000000000000e+00
-9.682412511831937074e-01,1.584447470047692375e-01,0.000000000000000000e+00
9.305938585541525532e-01,-4.434750359426589683e-01,1.000000000000000000e+00
2.076375258302500804e-01,-2.243375433642519623e-01,1.000000000000000000e+00
1.613414803481086457e+00,-2.713574609984572006e-01,1.000000000000000000e+00
6.598869877683822827e-01,8.682773922001624234e-01,0.000000000000000000e+00
1.971939939774273454e-01,9.561552652445213241e-01,0.000000000000000000e+00
1.342978851372203408e+00,-5.029096878488191757e-01,1.000000000000000000e+00
1.722193489638435437e+00,-1.351929601216527166e-01,1.000000000000000000e+00
6.074674523378679192e-01,8.733360569964869757e-01,0.000000000000000000e+00
-5.446484893836166519e-01,8.963093933182885165e-01,0.000000000000000000e+00
1.942035758854606442e+00,3.288128474870919415e-01,1.000000000000000000e+00
-1.471284918616928838e-02,1.011443997907099046e+00,0.000000000000000000e+00
1.990387960111312804e+00,1.573024949752213630e-01,1.000000000000000000e+00
-2.118396021918151351e-01,9.746375147342688505e-01,0.000000000000000000e+00
8.088019875095215916e-01,-4.770526587619325909e-01,1.000000000000000000e+00
-9.582020464315215147e-01,1.729784068583017365e-01,0.000000000000000000e+00
2.023505471657902621e+00,4.747064503116599221e-01,1.000000000000000000e+00
-7.310133970690407823e-01,7.460204844746585184e-01,0.000000000000000000e+00
-7.252957172832009691e-01,6.793803745537954075e-01,0.000000000000000000e+00
-9.551179836710769200e-01,2.813468682622385364e-01,0.000000000000000000e+00
-2.913433759951623014e-01,8.950647776274407441e-01,0.000000000000000000e+00
9.776632427668818792e-01,2.410882017455188431e-01,0.000000000000000000e+00
8.221053381620107015e-01,5.322034450129844441e-01,0.000000000000000000e+00
6.749625216417236562e-01,7.849185051205170849e-01,0.000000000000000000e+00
1.696798268041527002e+00,-9.949519752318923549e-02,1.000000000000000000e+00
5.947407289314239343e-01,7.989472384353567547e-01,0.000000000000000000e+00
2.687477411424591539e-02,2.701044513339075914e-01,1.000000000000000000e+00
9.858984334854928866e-01,1.121493180366509024e-01,0.000000000000000000e+00
1.915619754197138924e+00,3.518881259362189873e-01,1.000000000000000000e+00
-9.689129391829174320e-01,5.060368826336315573e-01,0.000000000000000000e+00
1.109364460971470567e+00,-5.300701597541276344e-01,1.000000000000000000e+00
-6.338138628764160565e-01,7.430821078108070799e-01,0.000000000000000000e+00
-7.741289256907667449e-01,6.633445382394650425e-01,0.000000000000000000e+00
4.476842356970658354e-01,7.034693987601655651e-01,0.000000000000000000e+00
1.851460206209186055e+00,8.288759566939767065e-02,1.000000000000000000e+00
9.310805188339789096e-01,8.438614243504446999e-02,0.000000000000000000e+00
6.562467190030453201e-01,7.450655620573981563e-01,0.000000000000000000e+00
2.822955408045553782e-01,9.154463010959837943e-01,0.000000000000000000e+00
9.690802942545271303e-01,4.044195405188975023e-01,0.000000000000000000e+00
2.030803451092423106e+00,6.122043499034885983e-01,1.000000000000000000e+00
-8.057796914349082407e-01,4.563300113688856796e-01,0.000000000000000000e+00
3.180520521945053303e-01,8.721837606175764090e-01,0.000000000000000000e+00
4.252577735585394980e-01,-3.747468059010874430e-01,1.000000000000000000e+00
-1.003215683709089312e+00,3.772368616419931042e-01,0.000000000000000000e+00
7.414089705499454785e-01,-5.048708916242048428e-01,1.000000000000000000e+00
-7.755443580864197772e-02,5.928911729764415606e-01,1.000000000000000000e+00
5.379414774511549480e-01,-4.015219158379177977e-01,1.000000000000000000e+00
2.551978492277265365e-01,-9.259817970273440113e-02,1.000000000000000000e+00
3.189107318286665271e-01,-1.774303329854543532e-01,1.000000000000000000e+00
6.683099010544532037e-01,-4.688443421074975914e-01,1.000000000000000000e+00
-9.453729028147809244e-01,3.785277095538497338e-01,0.000000000000000000e+00
5.721960482272756554e-01,8.574193081279463113e-01,0.000000000000000000e+00
-1.261943187433792191e-03,1.353980014762601325e-02,1.000000000000000000e+00
-7.273649192776087125e-01,6.124307853861026274e-01,0.000000000000000000e+00
1.786098344945664662e-01,1.026084304073493936e+00,0.000000000000000000e+00
1.891406355903381964e-01,-8.820832702738896913e-02,1.000000000000000000e+00
3.773390164095584143e-01,-2.989050108567776753e-01,1.000000000000000000e+00
-9.016588539951762016e-01,4.806249396047105327e-01,0.000000000000000000e+00
4.382273696767114979e-01,-2.916037985703239799e-01,1.000000000000000000e+00
1.567723123739229285e+00,-3.440960731781577131e-01,1.000000000000000000e+00
3.787607273286848208e-01,8.878000942191015543e-01,0.000000000000000000e+00
1.232847917658104864e+00,-5.049561361186882813e-01,1.000000000000000000e+00
1.686105582997175500e-01,1.015982414463314054e+00,0.000000000000000000e+00
1.421504689528434451e+00,-4.218732860438540455e-01,1.000000000000000000e+00
6.723635755849394213e-01,6.792323003039877349e-01,0.000000000000000000e+00
-6.057308938830889833e-01,7.803341555504228477e-01,0.000000000000000000e+00
-1.109697920270640015e-02,1.758384706308379342e-01,1.000000000000000000e+00
7.319182724914605198e-02,2.246547370413400913e-01,1.000000000000000000e+00
-8.802698609871346669e-01,5.708553957796368428e-01,0.000000000000000000e+00
9.359347443861838478e-01,4.057356352327935456e-01,0.000000000000000000e+00
1.988443441790941790e+00,-5.347404724045558277e-02,1.000000000000000000e+00
2.659571095533139751e-01,-1.495484329545406221e-01,1.000000000000000000e+00
9.069058401588350193e-01,5.412136900943330664e-01,0.000000000000000000e+00
-5.248996518481440637e-03,3.575354879135076436e-01,1.000000000000000000e+00
4.266877895036586682e-02,8.039185378052454700e-02,1.000000000000000000e+00
-1.838452896262152136e-01,1.053887988841705869e+00,0.000000000000000000e+00
1.844999692776165601e+00,-6.081631288779926203e-02,1.000000000000000000e+00
1.018678902880398196e+00,2.228916718836045918e-01,0.000000000000000000e+00
9.211817485584347098e-01,5.096400585146981799e-01,0.000000000000000000e+00
1.287818452587044638e+00,-4.204028281356597674e-01,1.000000000000000000e+00
4.146380387629652886e-01,9.382185684546311411e-01,0.000000000000000000e+00
-9.946595676862526325e-01,-7.030279185259308283e-03,0.000000000000000000e+00
1.277166685011207337e+00,-4.124577631528375532e-01,1.000000000000000000e+00
1.032850106023137871e+00,-2.666306713792421582e-02,0.000000000000000000e+00
5.173489509947541976e-01,8.786269532139449057e-01,0.000000000000000000e+00
-2.995043550795537524e-01,9.011385450507991557e-01,0.000000000000000000e+00
3.200136668463949285e-01,-3.026723410987385843e-01,1.000000000000000000e+00
1.843038680382475203e+00,6.869592170686636412e-02,1.000000000000000000e+00
3.518332402482682308e-01,9.757937959361222546e-01,0.000000000000000000e+00
9.657710922139239873e-01,1.523285296446275638e-01,0.000000000000000000e+00
3.009676271210625642e-01,9.728954492639152463e-01,0.000000000000000000e+00
6.867075416123469278e-01,-4.502816801019366988e-01,1.000000000000000000e+00
1.184201476061915281e+00,-4.517082093844095314e-01,1.000000000000000000e+00
4.413278323410261272e-01,8.116443618035628083e-01,0.000000000000000000e+00
-8.615713019434537712e-01,4.905110487346586168e-01,0.000000000000000000e+00
1.834350629721446913e+00,-1.897972708423216470e-02,1.000000000000000000e+00
1.953017968360218459e+00,3.809124931152467752e-01,1.000000000000000000e+00
5.128649334314963060e-01,-3.393525981175350981e-01,1.000000000000000000e+00
-4.340443530385020288e-01,9.205293083018549760e-01,0.000000000000000000e+00
8.280377856453233765e-01,-5.981352511348558831e-01,1.000000000000000000e+00
1.829923321752426668e+00,9.768791739797394458e-02,1.000000000000000000e+00
3.126893484506779730e-01,9.504114621952725050e-01,0.000000000000000000e+00
-7.593285272829680688e-01,5.702495028749673400e-01,0.000000000000000000e+00
9.952389011541766806e-01,1.028703925508831774e-01,0.000000000000000000e+00
-1.129141796129505271e-01,9.657414731000161234e-01,0.000000000000000000e+00
1.956416529516058933e+00,4.701425956111885962e-01,1.000000000000000000e+00
2.041250224342519903e+00,2.333424079472423973e-01,1.000000000000000000e+00
9.523601464073980782e-01,4.301189615492105878e-01,0.000000000000000000e+00
1.949555238953091907e+00,4.360389571859935587e-01,1.000000000000000000e+00
1.468557367226022703e-01,9.402024404115626455e-01,0.000000000000000000e+00
1.835882227539738398e+00,-6.826763089592549627e-02,1.000000000000000000e+00
1.531121835089456429e+00,-2.651984452377638690e-01,1.000000000000000000e+00
-9.128801806393931351e-01,3.435319380262054079e-01,0.000000000000000000e+00
-4.192315473390558211e-01,1.038898987139799779e+00,0.000000000000000000e+00
1.041419989800702162e+00,3.330382366635041835e-01,0.000000000000000000e+00
-5.928850278978320398e-01,8.046689919096883248e-01,0.000000000000000000e+00
1.456683837374512125e+00,-3.232236113274321032e-01,1.000000000000000000e+00
9.613957265628694238e-01,-4.917313882671559000e-01,1.000000000000000000e+00
-2.607309668293141258e-01,1.009367245306069139e+00,0.000000000000000000e+00
-5.777478957473205501e-01,7.465881623338422868e-01,0.000000000000000000e+00
7.664077470528423142e-01,-4.586487596727767957e-01,1.000000000000000000e+00
7.154205218285322188e-01,7.933173638853160403e-01,0.000000000000000000e+00
-1.035581035449607112e+00,1.350111445727623927e-01,0.000000000000000000e+00
1.932245140941643236e+00,1.355412989405907209e-01,1.000000000000000000e+00
1.850462559874710200e+00,1.493169837418839851e-01,1.000000000000000000e+00
8.959976244806775458e-01,-5.106189469709578876e-01,1.000000000000000000e+00
8.415471179750890762e-01,6.359112804832299792e-01,0.000000000000000000e+00
8.719224729963414022e-01,6.579970086658701867e-01,0.000000000000000000e+00
-3.412114450910451735e-01,9.270239574911971481e-01,0.000000000000000000e+00
1.264017526716137318e+00,-4.953789736326570381e-01,1.000000000000000000e+00
1.968779555093366218e+00,3.744038197539303892e-01,1.000000000000000000e+00
4.916852180391410032e-01,8.678766725711066776e-01,0.000000000000000000e+00
-4.788494505538765100e-01,9.553372962546164970e-01,0.000000000000000000e+00
-2.910084558351027639e-01,1.003505634178042172e+00,0.000000000000000000e+00
-4.502050809812593868e-02,9.202111713815630534e-01,0.000000000000000000e+00
1.743610954051014739e+00,-1.041672795317310773e-01,1.000000000000000000e+00
1.487156512941513409e+00,-3.580564206609136990e-01,1.000000000000000000e+00
1.950250731726636821e-02,1.030423674808618850e+00,0.000000000000000000e+00
-9.961072532518959743e-01,-4.580127273985570152e-04,0.000000000000000000e+00
1.827369552584073187e+00,-6.056584579424804937e-02,1.000000000000000000e+00
1.953864526870461304e-01,9.741487237035633129e-01,0.000000000000000000e+00
2.838538139290719409e-02,3.935377164234279412e-01,1.000000000000000000e+00
-5.543110916954615552e-01,8.437808915858634462e-01,0.000000000000000000e+00
6.519957904126667536e-01,7.535774561194213961e-01,0.000000000000000000e+00
7.192321290594023697e-01,7.518383076453802882e-01,0.000000000000000000e+00
-1.003079408438289910e+00,7.615625931318600883e-02,0.000000000000000000e+00
-8.821010452694106885e-01,3.431559554380808064e-01,0.000000000000000000e+00
7.188933088906002133e-01,6.437702409754869626e-01,0.000000000000000000e+00
-8.967594318104318285e-01,1.730905566251579597e-01,0.000000000000000000e+00
-9.688930659804998458e-01,1.132546120182616189e-02,0.000000000000000000e+00
1.518576216827056680e+00,-3.745264480896732251e-01,1.000000000000000000e+00
-2.551320638483686176e-01,9.754497329697273678e-01,0.000000000000000000e+00
9.651408599460890025e-01,4.483414791191899784e-01,0.000000000000000000e+00
8.900038331709753114e-01,-5.320808289075423803e-01,1.000000000000000000e+00
-8.772936641761889254e-01,4.271315982887963769e-01,0.000000000000000000e+00
1.723911629293779724e+00,-1.520196698825851955e-01,1.000000000000000000e+00
-2.554772791361223927e-01,9.290520875825560854e-01,0.000000000000000000e+00
3.082461897117989569e-01,1.006587023990948015e+00,0.000000000000000000e+00
-1.025384656796828775e+00,-7.024173221716975384e-03,0.000000000000000000e+00
5.986454045887350528e-01,-3.478292164541684217e-01,1.000000000000000000e+00
1.504302679711151322e-02,2.671709122610665954e-01,1.000000000000000000e+00
1.309138904125034975e+00,-4.719686746933459132e-01,1.000000000000000000e+00
9.701280773846087113e-01,-4.986144143636951354e-01,1.000000000000000000e+00
-3.883859365356914783e-01,8.393300680520245916e-01,0.000000000000000000e+00
1.015921878178238646e-02,1.046529803945499770e+00,0.000000000000000000e+00
2.543159077428880366e-01,-1.507473024449812737e-01,1.000000000000000000e+00
1.961760618034287251e+00,2.557023158927619333e-01,1.000000000000000000e+00
8.554319648395731779e-01,-4.926026117859907405e-01,1.000000000000000000e+00
-9.841990974241553447e-01,2.407710295565425596e-01,0.000000000000000000e+00
-9.307809313512665703e-03,4.629282615606496454e-01,1.000000000000000000e+00
-4.344718669015878998e-01,9.603736552556473294e-01,0.000000000000000000e+00
1.748349389639785034e+00,-1.945638288001779459e-01,1.000000000000000000e+00
-1.239951446479945624e-02,2.903659162247111958e-01,1.000000000000000000e+00
3.211588053149052602e-01,9.662813279704596248e-01,0.000000000000000000e+00
-9.483888314219458548e-01,2.906876721962310395e-01,0.000000000000000000e+00
-6.578188415162686820e-01,7.824089345112048566e-01,0.000000000000000000e+00
6.290310553277391747e-01,-4.369089546222380549e-01,1.000000000000000000e+00
1.567444720994997931e-01,2.276109060806432924e-02,1.000000000000000000e+00
1.088123081083698929e-01,1.005402051772374294e+00,0.000000000000000000e+00
-2.102047898576515084e-01,1.042805992484358457e+00,0.000000000000000000e+00
1.633941460450525573e+00,-3.474591530103589010e-01,1.000000000000000000e+00
1.622668669265421970e+00,-2.835869905953119496e-01,1.000000000000000000e+00
-9.718750660817210285e-01,3.610417118255111052e-02,0.000000000000000000e+00
1.776467192932926209e-01,1.011844571526592795e-01,1.000000000000000000e+00
-7.398818378784602912e-01,6.366282156652548485e-01,0.000000000000000000e+00
6.574200417475508651e-01,-5.710850898205327431e-01,1.000000000000000000e+00
5.312960693414021662e-01,-3.836978878477968480e-01,1.000000000000000000e+00
-5.383734602278993364e-01,8.510930221281275410e-01,0.000000000000000000e+00
1.759816267009475910e+00,-2.258457076210634018e-01,1.000000000000000000e+00
-8.699091860589389658e-01,3.129384984353879573e-01,0.000000000000000000e+00
8.664932462213743580e-01,3.735589841333112338e-01,0.000000000000000000e+00
1.205969371616239627e+00,-4.305014266084646324e-01,1.000000000000000000e+00
6.310005826755055169e-01,-4.515599490807764571e-01,1.000000000000000000e+00
1.450843356647224969e+00,-4.488142527184293962e-01,1.000000000000000000e+00
3.825489174997802611e-01,9.226065365021447473e-01,0.000000000000000000e+00
-9.595306397168059664e-01,4.000847251447395836e-01,0.000000000000000000e+00
-9.704973909171041857e-01,4.567013482140246383e-01,0.000000000000000000e+00
8.633182499566625090e-01,-4.822367796558918451e-01,1.000000000000000000e+00
8.127267230193826464e-01,4.634115412764160391e-01,0.000000000000000000e+00
5.334730150156870021e-01,-4.783617931508313825e-01,1.000000000000000000e+00
1.021525578670436696e+00,3.153016530005040008e-01,0.000000000000000000e+00
1.596582271530870178e+00,-2.527465570158049513e-01,1.000000000000000000e+00
1.184903475041256371e+00,-4.703445509602728891e-01,1.000000000000000000e+00
1.574354778936489341e+00,-2.663293385679182945e-01,1.000000000000000000e+00
-6.044415555619937486e-01,7.754957644955333684e-01,0.000000000000000000e+00
8.938386781120586377e-01,4.468201279059454967e-01,0.000000000000000000e+00
1.903145813439253820e+00,-7.259962912712067395e-02,1.000000000000000000e+00
-1.037679368997353607e-01,1.031547596542827350e+00,0.000000000000000000e+00
5.928548440333657465e-01,-3.966846022247785264e-01,1.000000000000000000e+00
-9.111643720042414962e-01,4.215063455322755337e-02,0.000000000000000000e+00
6.297975107025685637e-02,2.535155637028979614e-01,1.000000000000000000e+00
3.213849813725818128e-01,9.474615813918532137e-01,0.000000000000000000e+00
9.394882558713207876e-01,1.281427408818492375e-01,0.000000000000000000e+00
2.581856270330474823e-01,-9.349597187628824746e-02,1.000000000000000000e+00
3.464354650582903150e-01,-2.335040518642148843e-01,1.000000000000000000e+00
1.707757562716254007e+00,-2.404428212167395995e-01,1.000000000000000000e+00
-5.203266431477585607e-01,8.392267879454545776e-01,0.000000000000000000e+00
6.969479832354600335e-01,-4.100086129969663373e-01,1.000000000000000000e+00
1.426000088177677538e+00,-4.289772922084605367e-01,1.000000000000000000e+00
6.674379032918732468e-01,-4.519075352933787371e-01,1.000000000000000000e+00
7.498199535821937767e-01,5.931027092969552994e-01,0.000000000000000000e+00
-7.055400779881692008e-01,6.985173436728676633e-01,0.000000000000000000e+00
-8.437395271477929892e-01,5.538642924425667413e-01,0.000000000000000000e+00
2.038565724640240440e+00,1.237478210666148881e-01,1.000000000000000000e+00
-1.017257457594415104e+00,2.975462230761168336e-01,0.000000000000000000e+00
-2.329296516529941186e-01,9.526698478227200173e-01,0.000000000000000000e+00
7.772069042315977727e-01,-6.138053697719236812e-01,1.000000000000000000e+00
6.540201435308699851e-02,9.549221751692464899e-01,0.000000000000000000e+00
1.177510686988485933e+00,-4.990285703810035112e-01,1.000000000000000000e+00
1.881487499572930266e+00,3.686908357575364170e-01,1.000000000000000000e+00
1.436212415030303502e-01,8.682887260718058497e-02,1.000000000000000000e+00
1.015578768169411505e+00,1.140437013301834474e-01,0.000000000000000000e+00
1.033223219526920866e+00,9.552237829679487147e-02,0.000000000000000000e+00
7.365375481374977773e-02,5.507085595688729351e-02,1.000000000000000000e+00
8.153511263943011844e-01,4.839851148890358390e-01,0.000000000000000000e+00
-4.393069397098334217e-02,8.838896732776856391e-01,0.000000000000000000e+00
7.606630685479142118e-01,-4.847710442250761087e-01,1.000000000000000000e+00
1.981775149680927717e+00,4.478338809479096572e-01,1.000000000000000000e+00
1.600400837643771279e+00,-3.521776864384832950e-01,1.000000000000000000e+00
-8.507130470434797198e-01,3.363251375266892995e-01,0.000000000000000000e+00
-8.570907146866355575e-01,5.113819617599217882e-01,0.000000000000000000e+00
-9.478909263121992890e-01,1.135908295469904156e-01,0.000000000000000000e+00
-8.157258172570325261e-01,4.828335156036482334e-01,0.000000000000000000e+00
1.941586107924666793e+00,1.703600725748684319e-01,1.000000000000000000e+00
4.285348951383508714e-02,4.168234966232006178e-01,1.000000000000000000e+00
4.587969522626523800e-01,8.018201792637720260e-01,0.000000000000000000e+00
3.286247044797786787e-02,1.004898263005932879e+00,0.000000000000000000e+00
9.927276551875582333e-01,1.203543111369691082e-01,0.000000000000000000e+00
-1.015952078120352375e+00,2.402881671108461070e-01,0.000000000000000000e+00
-9.284205237227978191e-01,3.111875625962045033e-01,0.000000000000000000e+00
1.251321316701748954e+00,-4.425160816941026698e-01,1.000000000000000000e+00
3.627909850959671334e-01,-2.581800436563880252e-01,1.000000000000000000e+00
2.691817008741229783e-02,2.715948913969221667e-01,1.000000000000000000e+00
7.690600352902894621e-02,4.584443226701577778e-01,1.000000000000000000e+00
-7.764839425398813999e-01,4.993565775104430449e-01,0.000000000000000000e+00
-9.133902564981747352e-01,2.860288712549794443e-01,0.000000000000000000e+00
9.036253265764099263e-01,3.918095331275457949e-01,0.000000000000000000e+00
8.320505433504576942e-02,3.081031264623226851e-01,1.000000000000000000e+00
-1.648548778430870658e-03,4.847400034539433578e-01,1.000000000000000000e+00
2.602000401156557841e-01,1.077227668876417965e+00,0.000000000000000000e+00
1.769004053426761702e+00,-2.124029465822747376e-01,1.000000000000000000e+00
1.097287868788135029e-01,2.169111457178242719e-01,1.000000000000000000e+00
8.690355483026253047e-01,6.436431665968969096e-01,0.000000000000000000e+00
-6.952836262407492418e-01,7.272441168448503523e-01,0.000000000000000000e+00
1.076720607246971717e+00,-4.209231258055586289e-01,1.000000000000000000e+00
1.005027626089901149e+00,1.330043687920178519e-01,0.000000000000000000e+00
1.965711779004342796e+00,4.009439497461613211e-01,1.000000000000000000e+00
1.926786806240878391e+00,1.433605728549681713e-01,1.000000000000000000e+00
1.729636483160772453e+00,-1.530569022474899676e-01,1.000000000000000000e+00
1.345659296561391161e+00,-3.833861343214584605e-01,1.000000000000000000e+00
-4.505273110373317347e-01,9.666080508173706676e-01,0.000000000000000000e+00
1.895200559128467077e+00,4.188846659663186811e-01,1.000000000000000000e+00
-7.521937206339236459e-01,7.496628030044776292e-01,0.000000000000000000e+00
1.716013450973568055e+00,-2.260170473056477281e-01,1.000000000000000000e+00
1.998925087369182618e+00,2.909962232489152756e-01,1.000000000000000000e+00
5.927380477560958427e-01,-3.566327483213036498e-01,1.000000000000000000e+00
4.287655063863459182e-01,-3.717375298922393489e-01,1.000000000000000000e+00
1.394693271444783944e+00,-4.434767972339364595e-01,1.000000000000000000e+00
1.670236143885810154e-02,9.800217573778881031e-01,0.000000000000000000e+00
4.115719620084862806e-01,-3.655038633301688766e-01,1.000000000000000000e+00
1.015191848546421083e+00,2.562384676455536359e-01,0.000000000000000000e+00
-2.105313645985817661e-01,1.119163173748227491e+00,0.000000000000000000e+00
9.293512813038981024e-01,2.537151529010565898e-02,0.000000000000000000e+00
-1.103093694021763493e+00,1.161895444871098304e-01,0.000000000000000000e+00
-4.905943239990873672e-01,8.534065053502301046e-01,0.000000000000000000e+00
7.816490005409458819e-01,4.841364736285442838e-01,0.000000000000000000e+00
1.835004343162632612e+00,-4.222786785922262587e-02,1.000000000000000000e+00
8.951338623023548102e-01,4.058604660626010663e-01,0.000000000000000000e+00
1.406610747810880246e+00,-3.555172205206732494e-01,1.000000000000000000e+00
1.939118480405781941e+00,3.276105409538420110e-01,1.000000000000000000e+00
-6.918535031297997628e-01,7.367019048235954326e-01,0.000000000000000000e+00
8.668074086298699354e-01,4.514092508360376121e-01,0.000000000000000000e+00
1.063190429169264206e+00,2.305582691962874964e-01,0.000000000000000000e+00
6.226309065824404965e-02,1.417472273464992494e-01,1.000000000000000000e+00
-6.333540868228680898e-01,7.184750902908680903e-01,0.000000000000000000e+00
1.629724736829602783e-01,1.050886658521598349e+00,0.000000000000000000e+00
4.402914194025918104e-01,-2.678446658051006901e-01,1.000000000000000000e+00
1.695371292046842671e+00,-1.825506308975589631e-01,1.000000000000000000e+00
9.600588340933152720e-01,1.973406043585650416e-01,0.000000000000000000e+00
2.504437678579009008e-01,-1.905488446404812464e-01,1.000000000000000000e+00
1.455393188851255015e+00,-4.585434201356561323e-01,1.000000000000000000e+00
3.416271945379406594e-01,-2.616345657563456384e-01,1.000000000000000000e+00
1.488347553099581999e+00,-4.520689162930300320e-01,1.000000000000000000e+00
5.295358822016633660e-01,-3.016657221900568286e-01,1.000000000000000000e+00
9.315036079952797587e-01,3.493762980818348463e-01,0.000000000000000000e+00
1.664960079622591904e-01,-9.769755510685823596e-02,1.000000000000000000e+00
4.549241314948265225e-01,-3.495089724078516702e-01,1.000000000000000000e+00
1.612067279897357736e-02,2.542464475789715239e-01,1.000000000000000000e+00
-2.894264771705862827e-01,1.009129791916009378e+00,0.000000000000000000e+00
1.934865368450321421e+00,2.906316361629403544e-01,1.000000000000000000e+00
2.253218097627397443e-01,-6.684804363209076450e-02,1.000000000000000000e+00
1.060390964773631151e+00,-4.950266838368554412e-01,1.000000000000000000e+00
1.494424806421706720e+00,-3.809423498142890940e-01,1.000000000000000000e+00
2.424933454118577691e-01,-1.787173676977135972e-01,1.000000000000000000e+00
-8.160164429174388001e-02,3.791893855779643885e-01,1.000000000000000000e+00
1.065804731107931724e+00,-5.700824034401672513e-01,1.000000000000000000e+00
6.882262774380118464e-02,2.507217617468613380e-01,1.000000000000000000e+00
1.037885022764008403e+00,6.368560838573494864e-02,0.000000000000000000e+00
